Sentiment,n_trades,avg_pnl,median_pnl,std_pnl
Unknown,211224,48.74900079269401,0.0,919.1648281980245
